X,Y,z,dx,dz,dyaw,dt,,観測x,観測y,ヤコビx,ヤコビy,,観測x-ヤコビx,観測y-ヤコビy,
-244.027,-8.20622,1.21605,-1.62278e-06,0.000253296,0.00640655,0.0596926,,3.39962,-0.0989532,1.04559,0.0349426,,2.35403,-0.133896,
-197.895,-46.8618,1.40316,-1.62278e-06,0.000253296,0.00640655,0.0596926,,2.9579,-0.00970459,0.687531,0.161285,,2.27037,-0.17099,
-60.3524,-12.4042,0.71807,-1.62278e-06,0.000253296,0.00640655,0.0596926,,2.33923,-0.280365,0.0517883,0.00932312,,2.28745,-0.289688,
-249.996,-18.9855,1.18029,-1.62278e-06,0.000253296,0.00640655,0.0596926,,3.38663,-0.0421753,1.09675,0.0828094,,2.28989,-0.124985,
-265.405,-19.9537,1.15752,-1.62278e-06,0.000253296,0.00640655,0.0596926,,3.66541,-0.0653076,1.23769,0.0925751,,2.42773,-0.157883,
-196.918,-21.1102,1.40789,-1.62278e-06,0.000253296,0.00640655,0.0596926,,2.97366,-0.0701752,0.680771,0.0722961,,2.29289,-0.142471,
-196.927,-28.9441,1.40544,-1.62278e-06,0.000253296,0.00640655,0.0596926,,2.99031,-0.0406647,0.680771,0.0991211,,2.30954,-0.139786,
-249.986,-28.9869,1.18435,-1.62278e-06,0.000253296,0.00640655,0.0596926,,3.4036,-0.0389557,1.09684,0.126434,,2.30676,-0.16539,
-266.387,-29.9559,1.15488,-1.62278e-06,0.000253296,0.00640655,0.0596926,,3.73512,-0.0635376,1.2469,0.139496,,2.48822,-0.203033,
-197.92,-38.876,1.40186,-1.62278e-06,0.000253296,0.00640655,0.0596926,,2.96246,-0.0292969,0.687668,0.13382,,2.2748,-0.163116,
-241.948,-43.7708,1.22692,-1.62278e-06,0.000253296,0.00640655,0.0596926,,3.4351,0.137436,1.02798,0.184814,,2.40712,-0.0473785,
-245.936,-43.8045,1.21216,-1.62278e-06,0.000253296,0.00640655,0.0596926,,3.43659,0.131546,1.06215,0.188034,,2.37444,-0.056488,
-247.935,-43.8117,1.20197,-1.62278e-06,0.000253296,0.00640655,0.0596926,,3.43589,0.139954,1.07937,0.189606,,2.35652,-0.0496521,
-271.325,-44.7029,1.12994,-1.62278e-06,0.000253296,0.00640655,0.0596926,,3.77885,0.171494,1.29311,0.21199,,2.48575,-0.0404968,
-276.321,-45.7023,1.12202,-1.62278e-06,0.000253296,0.00640655,0.0596926,,3.78029,0.170883,1.34164,0.22084,,2.43865,-0.0499573,
-274.322,-45.7018,1.12823,-1.62278e-06,0.000253296,0.00640655,0.0596926,,3.77998,0.170746,1.32227,0.219223,,2.45771,-0.0484772,
-105.822,-114.722,1.3538,-1.62278e-06,0.000253296,0.00640655,0.0596926,,2.37354,0.138695,0.191589,0.200752,,2.18195,-0.0620575,
-115.868,-113.712,1.3265,-1.62278e-06,0.000253296,0.00640655,0.0596926,,2.43294,0.166656,0.230026,0.21946,,2.20291,-0.052803,
-52.4224,-88.0169,1.61372,-1.62278e-06,0.000253296,0.00640655,0.0596926,,2.28177,0.000282288,0.0484924,0.0706406,,2.23328,-0.0703583,
-50.3833,-87.0186,1.60491,-1.62278e-06,0.000253296,0.00640655,0.0596926,,2.27008,-0.000434875,0.0449219,0.0665207,,2.22516,-0.0669556,
-221.181,-178.923,0.740518,-1.62278e-06,0.000253296,0.00640655,0.0596926,,3.88857,0.467045,0.826218,0.663182,,3.06235,-0.196137,
-210.716,-181.36,0.734898,-1.62278e-06,0.000253296,0.00640655,0.0596926,,3.73487,0.480561,0.746521,0.637004,,2.98835,-0.156444,
-6.59137,-78.0848,0.680041,-1.62278e-06,0.000253296,0.00640655,0.0596926,,2.24161,-0.153694,0.00476074,-0.0196609,,2.23685,-0.134033,
-243.614,-174.781,0.76687,-1.62278e-06,0.000253296,0.00640655,0.0596926,,4.28654,0.52324,1.01228,0.721655,,3.27427,-0.198415,
-196.932,-11.143,1.40447,-1.62278e-06,0.000253296,0.00640655,0.0596926,,2.9483,-0.0820618,0.680786,0.0381622,,2.26752,-0.120224,
-250.989,-19.9868,1.17686,-1.62278e-06,0.000253296,0.00640655,0.0596926,,3.4156,-0.0434418,1.10548,0.0875244,,2.31012,-0.130966,
-197.915,-21.1065,1.40685,-1.62278e-06,0.000253296,0.00640655,0.0596926,,2.97093,-0.0731506,0.687759,0.0726624,,2.28317,-0.145813,
-266.382,-20.9513,1.14968,-1.62278e-06,0.000253296,0.00640655,0.0596926,,3.69037,-0.0667572,1.24658,0.0975342,,2.44379,-0.164291,
-251.007,-21.9872,1.17773,-1.62278e-06,0.000253296,0.00640655,0.0596926,,3.43306,-0.0431061,1.10568,0.0962982,,2.32738,-0.139404,
-266.391,-30.9531,1.15503,-1.62278e-06,0.000253296,0.00640655,0.0596926,,3.74243,-0.0565491,1.24694,0.14415,,2.49549,-0.200699,
-242.947,-44.764,1.22298,-1.62278e-06,0.000253296,0.00640655,0.0596926,,3.43393,0.141464,1.03648,0.189789,,2.39745,-0.0483246,
-247.931,-44.8105,1.19957,-1.62278e-06,0.000253296,0.00640655,0.0596926,,3.43781,0.129272,1.07922,0.193893,,2.35859,-0.064621,
-271.322,-45.7009,1.1325,-1.62278e-06,0.000253296,0.00640655,0.0596926,,3.77861,0.169571,1.29321,0.216751,,2.4854,-0.0471802,
-273.322,-45.7017,1.13009,-1.62278e-06,0.000253296,0.00640655,0.0596926,,3.77979,0.170853,1.31257,0.218399,,2.46721,-0.0475464,
-50.3833,-87.0186,1.60491,-1.62278e-06,0.000253296,0.00640655,0.0596926,,2.27008,-0.000434875,0.0449219,0.0665207,,2.22516,-0.0669556,
-197.92,-29.9029,1.40143,-1.62278e-06,0.000253296,0.00640655,0.0596926,,2.9866,-0.0197906,0.687668,0.102921,,2.29893,-0.122711,
-51.4561,-95.1583,1.60234,-1.62278e-06,0.000253296,0.00640655,0.0596926,,2.29602,0.001297,0.0467529,0.074585,,2.24927,-0.073288,
-115.87,-114.709,1.31637,-1.62278e-06,0.000253296,0.00640655,0.0596926,,2.43304,0.166672,0.229858,0.221214,,2.20319,-0.0545425,
-104.879,-115.716,1.3462,-1.62278e-06,0.000253296,0.00640655,0.0596926,,2.37299,0.135918,0.188019,0.200371,,2.18497,-0.0644531,
-6.59137,-78.0848,0.680041,-1.62278e-06,0.000253296,0.00640655,0.0596926,,2.24161,-0.153694,0.00476074,-0.0196609,,2.23685,-0.134033,
-197.847,-57.8639,1.40518,-1.62278e-06,0.000253296,0.00640655,0.0596926,,2.98587,0.0567474,0.687241,0.199127,,2.29863,-0.14238,
-197.889,-47.8766,1.40277,-1.62278e-06,0.000253296,0.00640655,0.0596926,,2.96022,-0.000640869,0.687469,0.16478,,2.27275,-0.165421,
-60.3616,-13.4207,0.719251,-1.62278e-06,0.000253296,0.00640655,0.0596926,,2.34595,-0.257309,0.0518494,0.0101013,,2.2941,-0.26741,
-197.918,-39.8684,1.40203,-1.62278e-06,0.000253296,0.00640655,0.0596926,,2.96094,-0.031601,0.687668,0.137238,,2.27327,-0.168839,
-250.989,-19.9868,1.17686,-1.62278e-06,0.000253296,0.00640655,0.0596926,,3.4156,-0.0434418,1.10548,0.0875244,,2.31012,-0.130966,
-266.382,-20.9513,1.14968,-1.62278e-06,0.000253296,0.00640655,0.0596926,,3.69037,-0.0667572,1.24658,0.0975342,,2.44379,-0.164291,
-197.922,-23.0779,1.40671,-1.62278e-06,0.000253296,0.00640655,0.0596926,,2.9837,-0.074173,0.687805,0.0794525,,2.2959,-0.153625,
-250.986,-30.9828,1.17787,-1.62278e-06,0.000253296,0.00640655,0.0596926,,3.43636,-0.0407562,1.10551,0.135681,,2.33086,-0.176437,
-266.391,-30.9531,1.15503,-1.62278e-06,0.000253296,0.00640655,0.0596926,,3.74243,-0.0565491,1.24694,0.14415,,2.49549,-0.200699,
-246.932,-44.8035,1.20276,-1.62278e-06,0.000253296,0.00640655,0.0596926,,3.43855,0.131821,1.07053,0.193069,,2.36802,-0.0612488,
-271.322,-45.7009,1.1325,-1.62278e-06,0.000253296,0.00640655,0.0596926,,3.77861,0.169571,1.29321,0.216751,,2.4854,-0.0471802,
-274.322,-45.7018,1.12823,-1.62278e-06,0.000253296,0.00640655,0.0596926,,3.77998,0.170746,1.32227,0.219223,,2.45771,-0.0484772,
-46.3983,-82.0158,1.57057,-1.62278e-06,0.000253296,0.00640655,0.0596926,,2.24692,7.62939e-06,0.0383301,0.056427,,2.20859,-0.0564194,
-197.918,-39.8684,1.40203,-1.62278e-06,0.000253296,0.00640655,0.0596926,,2.96094,-0.031601,0.687668,0.137238,,2.27327,-0.168839,
-197.925,-28.9393,1.40363,-1.62278e-06,0.000253296,0.00640655,0.0596926,,2.98798,-0.0444336,0.687759,0.0996246,,2.30022,-0.144058,
-104.873,-114.719,1.36091,-1.62278e-06,0.000253296,0.00640655,0.0596926,,2.36647,0.138344,0.188202,0.198868,,2.17827,-0.060524,
-61.3506,-13.4205,0.720106,-1.62278e-06,0.000253296,0.00640655,0.0596926,,2.33725,-0.257065,0.0537109,0.0103455,,2.28354,-0.26741,
-198.885,-47.8629,1.39879,-1.62278e-06,0.000253296,0.00640655,0.0596926,,2.95772,-0.00337219,0.694427,0.165573,,2.26329,-0.168945,
-116.869,-114.699,1.31036,-1.62278e-06,0.000253296,0.00640655,0.0596926,,2.44618,0.147484,0.233826,0.22319,,2.21236,-0.0757065,
-198.852,-58.859,1.40148,-1.62278e-06,0.000253296,0.00640655,0.0596926,,2.97888,0.0498962,0.69426,0.203598,,2.28462,-0.153702,
-250.999,-20.987,1.17858,-1.62278e-06,0.000253296,0.00640655,0.0596926,,3.42568,-0.0435181,1.10565,0.0919189,,2.32003,-0.135437,
-266.382,-20.9513,1.14968,-1.62278e-06,0.000253296,0.00640655,0.0596926,,3.69037,-0.0667572,1.24658,0.0975342,,2.44379,-0.164291,
-252.952,-31.9374,1.17329,-1.62278e-06,0.000253296,0.00640655,0.0596926,,3.46979,-0.0223236,1.123,0.140976,,2.34679,-0.1633,
-266.385,-31.9105,1.15407,-1.62278e-06,0.000253296,0.00640655,0.0596926,,3.7438,-0.0337372,1.24684,0.14859,,2.49696,-0.182327,
-274.322,-45.7018,1.12823,-1.62278e-06,0.000253296,0.00640655,0.0596926,,3.77998,0.170746,1.32227,0.219223,,2.45771,-0.0484772,
-197.918,-39.8684,1.40203,-1.62278e-06,0.000253296,0.00640655,0.0596926,,2.96094,-0.031601,0.687668,0.137238,,2.27327,-0.168839,
-68.308,-80.9521,1.54348,-1.62278e-06,0.000253296,0.00640655,0.0596926,,2.33148,0.0349121,0.0805969,0.0879364,,2.25089,-0.0530243,
-197.925,-22.088,1.40675,-1.62278e-06,0.000253296,0.00640655,0.0596926,,2.9781,-0.0694733,0.687836,0.0760498,,2.29027,-0.145523,
-197.927,-27.9996,1.40542,-1.62278e-06,0.000253296,0.00640655,0.0596926,,2.9886,-0.05896,0.68782,0.0963898,,2.30078,-0.15535,
-245.936,-43.8045,1.21216,-1.62278e-06,0.000253296,0.00640655,0.0596926,,3.43659,0.131546,1.06215,0.188034,,2.37444,-0.056488,
-116.869,-113.7,1.32221,-1.62278e-06,0.000253296,0.00640655,0.0596926,,2.4478,0.145729,0.234024,0.221451,,2.21378,-0.0757217,
311.76,-96.4191,1.37335,-1.62278e-06,0.000253296,0.00640655,0.0596926,,4.05414,-1.34089,1.84302,-0.568008,,2.21112,-0.772881,
307.315,-172.061,1.45956,-1.62278e-06,0.000253296,0.00640655,0.0596926,,4.09106,-1.2347,1.78845,-0.997739,,2.30261,-0.236965,
315.096,-188.482,1.39065,-1.62278e-06,0.000253296,0.00640655,0.0596926,,2.55176,-0.983687,1.88116,-1.12143,,0.670593,0.137741,
272.072,-84.7351,1.44656,-1.62278e-06,0.000253296,0.00640655,0.0596926,,3.65869,-0.384743,1.409,-0.436829,,2.24969,0.0520859,
270.072,-84.7349,1.4451,-1.62278e-06,0.000253296,0.00640655,0.0596926,,3.65826,-0.384796,1.38885,-0.433739,,2.26941,0.0489426,
297.744,-66.6944,1.39706,-1.62278e-06,0.000253296,0.00640655,0.0596926,,3.94873,-0.356796,1.68311,-0.37558,,2.26562,0.0187836,
80.7874,-137.521,1.01821,-1.62278e-06,0.000253296,0.00640655,0.0596926,,2.44281,-0.242455,0.145966,-0.237572,,2.29684,-0.00488281,
298.752,-61.6949,1.39641,-1.62278e-06,0.000253296,0.00640655,0.0596926,,3.96942,-0.355446,1.69434,-0.348572,,2.27509,-0.00687408,
299.746,-71.6905,1.39354,-1.62278e-06,0.000253296,0.00640655,0.0596926,,3.94116,-0.381439,1.70551,-0.406372,,2.23566,0.0249329,
315.096,-188.482,1.39065,-1.62278e-06,0.000253296,0.00640655,0.0596926,,2.55176,-0.983687,1.88116,-1.12143,,0.670593,0.137741,
298.737,-67.6986,1.39376,-1.62278e-06,0.000253296,0.00640655,0.0596926,,3.95258,-0.358551,1.69427,-0.382492,,2.2583,0.023941,
268.072,-85.7352,1.44933,-1.62278e-06,0.000253296,0.00640655,0.0596926,,3.6582,-0.385506,1.36865,-0.435677,,2.28955,0.0501709,
270.07,-85.7477,1.4454,-1.62278e-06,0.000253296,0.00640655,0.0596926,,3.65839,-0.386887,1.38879,-0.438919,,2.26959,0.0520325,
299.75,-72.7006,1.39432,-1.62278e-06,0.000253296,0.00640655,0.0596926,,3.94226,-0.386169,1.70551,-0.412094,,2.23676,0.0259247,
298.75,-62.6942,1.39611,-1.62278e-06,0.000253296,0.00640655,0.0596926,,3.96442,-0.356415,1.69434,-0.354218,,2.27008,-0.00219727,
79.7821,-137.494,1.01864,-1.62278e-06,0.000253296,0.00640655,0.0596926,,2.44128,-0.238686,0.142761,-0.234982,,2.29852,-0.00370407,
314.287,-188.508,1.3955,-1.62278e-06,0.000253296,0.00640655,0.0596926,,2.54846,-1.00536,1.87152,-1.11867,,0.676941,0.113315,
269.072,-85.7353,1.44624,-1.62278e-06,0.000253296,0.00640655,0.0596926,,3.6582,-0.385559,1.37878,-0.437279,,2.27942,0.0517197,
299.74,-67.6985,1.39315,-1.62278e-06,0.000253296,0.00640655,0.0596926,,3.95551,-0.358597,1.70544,-0.383743,,2.25006,0.0251465,
311.271,-184.795,1.43324,-1.62278e-06,0.000253296,0.00640655,0.0596926,,3.91852,-1.25947,1.8349,-1.08555,,2.08362,-0.173924,
309.287,-184.804,1.45166,-1.62278e-06,0.000253296,0.00640655,0.0596926,,3.98877,-1.25428,1.81134,-1.07848,,2.17743,-0.175799,
314.287,-188.508,1.3955,-1.62278e-06,0.000253296,0.00640655,0.0596926,,2.54846,-1.00536,1.87152,-1.11867,,0.676941,0.113315,
78.7704,-136.454,1.01742,-1.62278e-06,0.000253296,0.00640655,0.0596926,,2.43192,-0.215336,0.139587,-0.230717,,2.29233,0.0153809,
-195.917,15.7002,1.41624,-1.62278e-06,0.000253296,0.00640655,0.0596926,,2.95419,-0.162918,0.67395,-0.0534973,,2.28024,-0.109421,
-195.917,6.76677,1.40813,-1.62278e-06,0.000253296,0.00640655,0.0596926,,2.94054,-0.0971069,0.673752,-0.023056,,2.26678,-0.0740509,
-47.5311,71.8469,0.730177,-1.62278e-06,0.000253296,0.00640655,0.0596926,,2.22906,-0.092865,0.0312805,-0.0375977,,2.19778,-0.0552673,
-43.5315,70.8476,0.730038,-1.62278e-06,0.000253296,0.00640655,0.0596926,,2.22974,-0.0957947,0.026001,-0.0318604,,2.20374,-0.0639343,
-43.5317,65.8471,0.730871,-1.62278e-06,0.000253296,0.00640655,0.0596926,,2.22888,-0.0902557,0.026001,-0.0296478,,2.20288,-0.0606079,
-44.5324,62.8483,0.732555,-1.62278e-06,0.000253296,0.00640655,0.0596926,,2.22751,-0.0943451,0.0273132,-0.0294952,,2.2002,-0.0648499,
-202.914,30.5587,1.34942,-1.62278e-06,0.000253296,0.00640655,0.0596926,,2.98744,-0.2229,0.721985,-0.107773,,2.26546,-0.115128,
-198.926,28.5304,1.3793,-1.62278e-06,0.000253296,0.00640655,0.0596926,,2.98308,-0.22934,0.694214,-0.0986481,,2.28886,-0.130692,
-210.763,32.5636,1.31709,-1.62278e-06,0.000253296,0.00640655,0.0596926,,3.06454,-0.20015,0.778976,-0.11937,,2.28556,-0.08078,
-113.066,23.7641,1.3718,-1.62278e-06,0.000253296,0.00640655,0.0596926,,2.46027,-0.0558777,0.219528,-0.0447998,,2.24074,-0.0110779,
-193.917,15.6912,1.42132,-1.62278e-06,0.000253296,0.00640655,0.0596926,,2.95427,-0.155304,0.660156,-0.0529022,,2.29411,-0.102402,
-67.351,85.7273,0.733017,-1.62278e-06,0.000253296,0.00640655,0.0596926,,2.30533,-0.132721,0.0661621,-0.0760498,,2.23917,-0.0566711,
-282.489,43.4072,1.09883,-1.62278e-06,0.000253296,0.00640655,0.0596926,,3.6743,-0.327255,1.40199,-0.214447,,2.27231,-0.112808,
-219.582,33.5371,1.2737,-1.62278e-06,0.000253296,0.00640655,0.0596926,,3.20702,-0.206146,0.845306,-0.128128,,2.36171,-0.0780182,
-259.58,42.4536,1.14998,-1.62278e-06,0.000253296,0.00640655,0.0596926,,3.64282,-0.319809,1.18262,-0.192368,,2.46021,-0.127441,
-222.51,38.5302,1.24883,-1.62278e-06,0.000253296,0.00640655,0.0596926,,3.23075,-0.209656,0.867538,-0.149109,,2.36321,-0.0605469,
-114.08,35.778,1.36177,-1.62278e-06,0.000253296,0.00640655,0.0596926,,2.53481,-0.129883,0.223404,-0.0680542,,2.3114,-0.0618286,
-266.671,35.4814,1.13127,-1.62278e-06,0.000253296,0.00640655,0.0596926,,3.58268,-0.244812,1.24839,-0.165253,,2.33429,-0.0795593,
-201.93,34.5457,1.38841,-1.62278e-06,0.000253296,0.00640655,0.0596926,,2.98918,-0.226212,0.715942,-0.121384,,2.27324,-0.104828,
-205.847,33.5685,1.3407,-1.62278e-06,0.000253296,0.00640655,0.0596926,,3.02069,-0.201614,0.743134,-0.120148,,2.27756,-0.0814667,
-262.58,42.444,1.14405,-1.62278e-06,0.000253296,0.00640655,0.0596926,,3.62295,-0.311035,1.21033,-0.194611,,2.41262,-0.116425,
-196.913,14.7291,1.41255,-1.62278e-06,0.000253296,0.00640655,0.0596926,,2.95155,-0.149628,0.680847,-0.0504456,,2.27071,-0.0991821,
-48.5313,70.8505,0.729593,-1.62278e-06,0.000253296,0.00640655,0.0596926,,2.22876,-0.0956116,0.0326843,-0.0383301,,2.19608,-0.0572815,
-44.5334,61.8356,0.732481,-1.62278e-06,0.000253296,0.00640655,0.0596926,,2.22882,-0.109863,0.0273132,-0.0290222,,2.20151,-0.0808411,
-45.5305,65.8472,0.730245,-1.62278e-06,0.000253296,0.00640655,0.0596926,,2.2272,-0.0900879,0.0285645,-0.0320435,,2.19864,-0.0580444,
-114.072,22.7697,1.37462,-1.62278e-06,0.000253296,0.00640655,0.0596926,,2.45901,-0.0614471,0.223572,-0.0433502,,2.23544,-0.0180969,
-211.738,34.5603,1.31877,-1.62278e-06,0.000253296,0.00640655,0.0596926,,3.09306,-0.204941,0.786377,-0.127304,,2.30668,-0.0776367,
-66.343,84.7312,0.733346,-1.62278e-06,0.000253296,0.00640655,0.0596926,,2.29788,-0.132324,0.0640564,-0.0736389,,2.23383,-0.0586853,
-282.497,42.3938,1.09907,-1.62278e-06,0.000253296,0.00640655,0.0596926,,3.66697,-0.334427,1.40208,-0.209442,,2.26488,-0.124985,
-206.849,31.5727,1.33118,-1.62278e-06,0.000253296,0.00640655,0.0596926,,3.0112,-0.214737,0.750229,-0.113541,,2.26097,-0.101196,
-219.586,32.5435,1.27792,-1.62278e-06,0.000253296,0.00640655,0.0596926,,3.20447,-0.206268,0.845482,-0.124359,,2.35899,-0.0819092,
-211.747,31.5714,1.31026,-1.62278e-06,0.000253296,0.00640655,0.0596926,,3.09554,-0.210739,0.786186,-0.116272,,2.30936,-0.0944672,
-201.928,32.5603,1.38673,-1.62278e-06,0.000253296,0.00640655,0.0596926,,2.98537,-0.21814,0.715881,-0.114395,,2.26949,-0.103745,
-199.912,27.6006,1.36067,-1.62278e-06,0.000253296,0.00640655,0.0596926,,2.99333,-0.218002,0.700729,-0.0958557,,2.2926,-0.122147,
-281.35,39.3979,1.10195,-1.62278e-06,0.000253296,0.00640655,0.0596926,,3.73977,-0.2939,1.39067,-0.193848,,2.3491,-0.100052,
-114.068,34.8103,1.36169,-1.62278e-06,0.000253296,0.00640655,0.0596926,,2.53058,-0.106293,0.223358,-0.0662079,,2.30722,-0.0400848,
-202.914,30.5587,1.34942,-1.62278e-06,0.000253296,0.00640655,0.0596926,,2.98744,-0.2229,0.721985,-0.107773,,2.26546,-0.115128,
-278.323,40.4161,1.10361,-1.62278e-06,0.000253296,0.00640655,0.0596926,,3.69782,-0.281525,1.36046,-0.196625,,2.33736,-0.0848999,
-223.497,37.5286,1.24758,-1.62278e-06,0.000253296,0.00640655,0.0596926,,3.23306,-0.210083,0.875359,-0.145905,,2.3577,-0.0641785,
-116.071,22.7722,1.38086,-1.62278e-06,0.000253296,0.00640655,0.0596926,,2.46042,-0.0657654,0.23172,-0.0442047,,2.2287,-0.0215607,
-195.937,24.6277,1.39857,-1.62278e-06,0.000253296,0.00640655,0.0596926,,2.96292,-0.210098,0.67366,-0.0838623,,2.28926,-0.126236,
-206.844,30.5804,1.33125,-1.62278e-06,0.000253296,0.00640655,0.0596926,,3.0162,-0.213638,0.750198,-0.10997,,2.26601,-0.103668,
-219.582,33.5371,1.2737,-1.62278e-06,0.000253296,0.00640655,0.0596926,,3.20702,-0.206146,0.845306,-0.128128,,2.36171,-0.0780182,
-46.5299,69.8478,0.729918,-1.62278e-06,0.000253296,0.00640655,0.0596926,,2.22794,-0.0940552,0.0298767,-0.0352478,,2.19806,-0.0588074,
-195.916,14.7292,1.41797,-1.62278e-06,0.000253296,0.00640655,0.0596926,,2.95262,-0.154068,0.673996,-0.0501862,,2.27863,-0.103882,
-67.3451,83.7273,0.734567,-1.62278e-06,0.000253296,0.00640655,0.0596926,,2.28528,-0.137207,0.0661926,-0.0743408,,2.21909,-0.0628662,
-223.497,36.5303,1.25149,-1.62278e-06,0.000253296,0.00640655,0.0596926,,3.234,-0.209335,0.875496,-0.142044,,2.35851,-0.0672913,
-280.332,39.3992,1.1024,-1.62278e-06,0.000253296,0.00640655,0.0596926,,3.74247,-0.289963,1.38046,-0.193115,,2.362,-0.0968475,
-46.5304,66.8487,0.729525,-1.62278e-06,0.000253296,0.00640655,0.0596926,,2.22733,-0.0944214,0.0298767,-0.0337219,,2.19745,-0.0606995,
-283.56,42.4068,1.09813,-1.62278e-06,0.000253296,0.00640655,0.0596926,,3.6596,-0.335007,1.41279,-0.210327,,2.24681,-0.12468,
-200.924,27.6096,1.35537,-1.62278e-06,0.000253296,0.00640655,0.0596926,,2.99973,-0.225983,0.707809,-0.0963898,,2.29192,-0.129593,
-211.747,31.5714,1.31026,-1.62278e-06,0.000253296,0.00640655,0.0596926,,3.09554,-0.210739,0.786186,-0.116272,,2.30936,-0.0944672,
-201.928,33.5696,1.38833,-1.62278e-06,0.000253296,0.00640655,0.0596926,,2.98651,-0.217361,0.715927,-0.11795,,2.27058,-0.099411,
-197.915,12.7059,1.40275,-1.62278e-06,0.000253296,0.00640655,0.0596926,,2.94559,-0.164444,0.687653,-0.0437317,,2.25793,-0.120712,
-117.068,20.7733,1.37788,-1.62278e-06,0.000253296,0.00640655,0.0596926,,2.45421,-0.067627,0.235748,-0.0406952,,2.21846,-0.0269318,
-195.937,24.6277,1.39857,-1.62278e-06,0.000253296,0.00640655,0.0596926,,2.96292,-0.210098,0.67366,-0.0838623,,2.28926,-0.126236,
-46.5306,67.8475,0.729584,-1.62278e-06,0.000253296,0.00640655,0.0596926,,2.22675,-0.092514,0.0298767,-0.0342255,,2.19687,-0.0582886,
-282.201,38.3993,1.10233,-1.62278e-06,0.000253296,0.00640655,0.0596926,,3.76609,-0.294739,1.39928,-0.189529,,2.36681,-0.105209,
-212.75,32.5684,1.30833,-1.62278e-06,0.000253296,0.00640655,0.0596926,,3.11818,-0.188904,0.793724,-0.120529,,2.32446,-0.0683746,
-224.493,36.5244,1.24844,-1.62278e-06,0.000253296,0.00640655,0.0596926,,3.23744,-0.214355,0.883347,-0.14267,,2.3541,-0.0716858,
-68.3497,82.7242,0.737836,-1.62278e-06,0.000253296,0.00640655,0.0596926,,2.28214,-0.138763,0.0684509,-0.0751038,,2.21368,-0.0636597,
-206.844,30.5804,1.33125,-1.62278e-06,0.000253296,0.00640655,0.0596926,,3.0162,-0.213638,0.750198,-0.10997,,2.26601,-0.103668,
-201.928,32.5603,1.38673,-1.62278e-06,0.000253296,0.00640655,0.0596926,,2.98537,-0.21814,0.715881,-0.114395,,2.26949,-0.103745,
-218.602,34.5331,1.28804,-1.62278e-06,0.000253296,0.00640655,0.0596926,,3.18745,-0.204788,0.838127,-0.131393,,2.34933,-0.0733948,
32.4196,94.0757,0.674298,-1.62278e-06,0.000253296,0.00640655,0.0596926,,2.22253,0.0322876,0.0378113,0.091156,,2.18472,-0.0588684,
18.3751,87.044,0.682115,-1.62278e-06,0.000253296,0.00640655,0.0596926,,2.16055,0.01651,0.0194092,0.061615,,2.14114,-0.045105,
35.4167,86.0864,0.678102,-1.62278e-06,0.000253296,0.00640655,0.0596926,,2.20279,0.032074,0.0426025,0.0879517,,2.16019,-0.0558777,
19.3715,89.0461,0.679134,-1.62278e-06,0.000253296,0.00640655,0.0596926,,2.16455,0.0162354,0.0205078,0.0647888,,2.14404,-0.0485535,
56.5247,44.0448,0.695314,-1.62278e-06,0.000253296,0.00640655,0.0596926,,2.2244,0.051712,0.0854797,0.061615,,2.13892,-0.00990295,
141.079,30.15,1.17308,-1.62278e-06,0.000253296,0.00640655,0.0596926,,2.48157,0.0750885,0.401184,0.0843658,,2.08038,-0.00927734,
172.493,30.2197,1.21832,-1.62278e-06,0.000253296,0.00640655,0.0596926,,2.64551,0.0990753,0.586884,0.1017,,2.05862,-0.00262451,
136.067,31.1419,1.15315,-1.62278e-06,0.000253296,0.00640655,0.0596926,,2.48904,0.0607605,0.375183,0.0843964,,2.11386,-0.0236359,
144.058,31.1585,1.17606,-1.62278e-06,0.000253296,0.00640655,0.0596926,,2.48102,0.0844727,0.417297,0.0888672,,2.06372,-0.00439453,
37.4152,84.0917,0.688108,-1.62278e-06,0.000253296,0.00640655,0.0596926,,2.19357,0.0427551,0.0458069,0.0885315,,2.14777,-0.0457764,
33.4275,91.0775,0.67677,-1.62278e-06,0.000253296,0.00640655,0.0596926,,2.21011,0.0331726,0.0393677,0.0898132,,2.17075,-0.0566406,
63.5811,48.0629,0.690396,-1.62278e-06,0.000253296,0.00640655,0.0596926,,2.24753,0.0799713,0.103729,0.0735626,,2.1438,0.00640869,
189.658,34.266,1.1707,-1.62278e-06,0.000253296,0.00640655,0.0596926,,2.84961,0.0833588,0.705872,0.126373,,2.14374,-0.0430145,
101.698,36.1176,1.14942,-1.62278e-06,0.000253296,0.00640655,0.0596926,,2.19299,0.0559845,0.21814,0.0751953,,1.97485,-0.0192108,
62.558,46.0638,0.686569,-1.62278e-06,0.000253296,0.00640655,0.0596926,,2.24127,0.0768738,0.101135,0.0697479,,2.14014,0.00712585,
98.6759,45.1395,1.12653,-1.62278e-06,0.000253296,0.00640655,0.0596926,,2.18405,0.0367279,0.206818,0.0916748,,1.97723,-0.0549469,
99.6823,43.1421,1.14096,-1.62278e-06,0.000253296,0.00640655,0.0596926,,2.1889,0.0442047,0.210419,0.0883026,,1.97849,-0.0440979,
172.497,39.2186,1.21621,-1.62278e-06,0.000253296,0.00640655,0.0596926,,2.65308,0.086792,0.586975,0.132004,,2.0661,-0.0452118,
243.704,82.916,0.706092,-1.62278e-06,0.000253296,0.00640655,0.0596926,,3.37708,0.435577,1.18097,0.399628,,2.19611,0.0359497,
202.752,40.4154,1.10706,-1.62278e-06,0.000253296,0.00640655,0.0596926,,2.83093,0.144363,0.805237,0.159241,,2.0257,-0.0148773,
19.3745,91.0461,0.677113,-1.62278e-06,0.000253296,0.00640655,0.0596926,,2.16779,0.0167236,0.0205383,0.0663452,,2.14725,-0.0496216,
200.766,41.4135,1.10927,-1.62278e-06,0.000253296,0.00640655,0.0596926,,2.86169,0.155624,0.790039,0.161652,,2.07166,-0.00602722,
181.557,35.2518,1.19254,-1.62278e-06,0.000253296,0.00640655,0.0596926,,2.71594,0.0827179,0.648315,0.124634,,2.06763,-0.0419159,
190.657,37.2741,1.16029,-1.62278e-06,0.000253296,0.00640655,0.0596926,,2.84839,0.0949402,0.713379,0.138214,,2.13501,-0.0432739,
68.5992,42.0724,0.701472,-1.62278e-06,0.000253296,0.00640655,0.0596926,,2.25821,0.0905914,0.11731,0.0680237,,2.1409,0.0225677,
193.687,39.2982,1.14458,-1.62278e-06,0.000253296,0.00640655,0.0596926,,2.88202,0.122238,0.735962,0.148026,,2.14606,-0.0257874,
183.556,38.2429,1.17459,-1.62278e-06,0.000253296,0.00640655,0.0596926,,2.71686,0.0657349,0.66272,0.136734,,2.05414,-0.0709991,
201.737,37.4047,1.11583,-1.62278e-06,0.000253296,0.00640655,0.0596926,,2.84943,0.142792,0.79718,0.146622,,2.05225,-0.00382996,
204.771,41.4173,1.10134,-1.62278e-06,0.000253296,0.00640655,0.0596926,,2.80438,0.125732,0.821045,0.164764,,1.98334,-0.039032,
198.723,32.382,1.14842,-1.62278e-06,0.000253296,0.00640655,0.0596926,,2.8775,0.149353,0.773071,0.124939,,2.10443,0.0244141,
61.6111,60.0285,0.699391,-1.62278e-06,0.000253296,0.00640655,0.0596926,,2.27008,0.0554352,0.0982056,0.0894318,,2.17188,-0.0339966,
200.766,41.4135,1.10927,-1.62278e-06,0.000253296,0.00640655,0.0596926,,2.86169,0.155624,0.790039,0.161652,,2.07166,-0.00602722,
60.5887,62.0737,0.704419,-1.62278e-06,0.000253296,0.00640655,0.0596926,,2.26672,0.0465546,0.0953979,0.091156,,2.17133,-0.0446014,
17.3724,91.0414,0.678092,-1.62278e-06,0.000253296,0.00640655,0.0596926,,2.16565,0.0127258,0.0184326,0.0629578,,2.14722,-0.0502319,
141.079,30.15,1.17308,-1.62278e-06,0.000253296,0.00640655,0.0596926,,2.48157,0.0750885,0.401184,0.0843658,,2.08038,-0.00927734,
172.493,30.2197,1.21832,-1.62278e-06,0.000253296,0.00640655,0.0596926,,2.64551,0.0990753,0.586884,0.1017,,2.05862,-0.00262451,
136.067,31.1419,1.15315,-1.62278e-06,0.000253296,0.00640655,0.0596926,,2.48904,0.0607605,0.375183,0.0843964,,2.11386,-0.0236359,
248.038,166.98,0.680159,-1.62278e-06,0.000253296,0.00640655,0.0596926,,3.3963,0.860352,1.22491,0.820312,,2.17139,0.0400391,
198.723,32.382,1.14842,-1.62278e-06,0.000253296,0.00640655,0.0596926,,2.8775,0.149353,0.773071,0.124939,,2.10443,0.0244141,
188.648,33.2638,1.17904,-1.62278e-06,0.000253296,0.00640655,0.0596926,,2.84546,0.0901184,0.698364,0.122009,,2.14709,-0.0318909,
181.557,35.2518,1.19254,-1.62278e-06,0.000253296,0.00640655,0.0596926,,2.71594,0.0827179,0.648315,0.124634,,2.06763,-0.0419159,
200.752,35.4034,1.11915,-1.62278e-06,0.000253296,0.00640655,0.0596926,,2.86255,0.148209,0.789551,0.138107,,2.073,0.0101013,
101.698,36.1176,1.14942,-1.62278e-06,0.000253296,0.00640655,0.0596926,,2.19299,0.0559845,0.21814,0.0751953,,1.97485,-0.0192108,
188.637,36.2607,1.17107,-1.62278e-06,0.000253296,0.00640655,0.0596926,,2.84479,0.0916138,0.698547,0.133041,,2.14624,-0.0414276,
201.737,37.4047,1.11583,-1.62278e-06,0.000253296,0.00640655,0.0596926,,2.84943,0.142792,0.79718,0.146622,,2.05225,-0.00382996,
172.496,38.2202,1.21699,-1.62278e-06,0.000253296,0.00640655,0.0596926,,2.64844,0.0981445,0.586945,0.128632,,2.06149,-0.0304871,
32.4266,90.0747,0.678686,-1.62278e-06,0.000253296,0.00640655,0.0596926,,2.20572,0.0327148,0.0377502,0.0870667,,2.16797,-0.0543518,
34.4159,86.0828,0.672872,-1.62278e-06,0.000253296,0.00640655,0.0596926,,2.20505,0.0320435,0.0410461,0.0866394,,2.164,-0.0545959,
62.5669,47.0597,0.689113,-1.62278e-06,0.000253296,0.00640655,0.0596926,,2.24213,0.0773773,0.101074,0.0711975,,2.14105,0.00617981,
205.764,41.4124,1.09908,-1.62278e-06,0.000253296,0.00640655,0.0596926,,2.80261,0.118271,0.828796,0.165512,,1.97382,-0.0472412,
99.685,42.1412,1.14215,-1.62278e-06,0.000253296,0.00640655,0.0596926,,2.19061,0.0454559,0.210419,0.0862427,,1.98019,-0.0407867,
57.532,45.0516,0.691913,-1.62278e-06,0.000253296,0.00640655,0.0596926,,2.22726,0.0570831,0.0880432,0.0639343,,2.13922,-0.0068512,
57.5515,66.0826,0.705602,-1.62278e-06,0.000253296,0.00640655,0.0596926,,2.27216,0.0514526,0.0877075,0.093338,,2.18445,-0.0418854,
172.497,39.2186,1.21621,-1.62278e-06,0.000253296,0.00640655,0.0596926,,2.65308,0.086792,0.586975,0.132004,,2.0661,-0.0452118,
32.4266,90.0747,0.678686,-1.62278e-06,0.000253296,0.00640655,0.0596926,,2.20572,0.0327148,0.0377502,0.0870667,,2.16797,-0.0543518,
33.4201,85.0766,0.670165,-1.62278e-06,0.000253296,0.00640655,0.0596926,,2.2002,0.0323486,0.0394897,0.084198,,2.16071,-0.0518494,
18.3788,85.0446,0.683391,-1.62278e-06,0.000253296,0.00640655,0.0596926,,2.15897,0.013916,0.0194092,0.0601196,,2.13956,-0.0462036,
61.569,48.0529,0.691225,-1.62278e-06,0.000253296,0.00640655,0.0596926,,2.24902,0.0785675,0.0983582,0.0717621,,2.15067,0.00680542,
140.082,29.149,1.17378,-1.62278e-06,0.000253296,0.00640655,0.0596926,,2.48285,0.0704956,0.395813,0.0810242,,2.08704,-0.0105286,
169.481,29.2008,1.21167,-1.62278e-06,0.000253296,0.00640655,0.0596926,,2.6366,0.0844727,0.567596,0.0966949,,2.069,-0.0122223,
102.683,45.1365,1.1237,-1.62278e-06,0.000253296,0.00640655,0.0596926,,2.18381,0.0451965,0.222565,0.0950165,,1.96124,-0.0498199,
99.685,42.1412,1.14215,-1.62278e-06,0.000253296,0.00640655,0.0596926,,2.19061,0.0454559,0.210419,0.0862427,,1.98019,-0.0407867,
100.701,35.1173,1.15892,-1.62278e-06,0.000253296,0.00640655,0.0596926,,2.18134,0.0760956,0.21405,0.072403,,1.96729,0.00369263,
200.751,34.4056,1.12107,-1.62278e-06,0.000253296,0.00640655,0.0596926,,2.86395,0.148834,0.789429,0.134201,,2.07452,0.0146332,
134.055,29.1371,1.15496,-1.62278e-06,0.000253296,0.00640655,0.0596926,,2.49786,0.0536957,0.364746,0.0778809,,2.13312,-0.0241852,
172.488,29.2164,1.21352,-1.62278e-06,0.000253296,0.00640655,0.0596926,,2.64517,0.0976257,0.587006,0.0983429,,2.05817,-0.000717163,
192.7,31.298,1.14348,-1.62278e-06,0.000253296,0.00640655,0.0596926,,2.86157,0.109253,0.728821,0.117325,,2.13275,-0.0080719,
187.656,32.2654,1.18388,-1.62278e-06,0.000253296,0.00640655,0.0596926,,2.84656,0.0875549,0.691162,0.117737,,2.1554,-0.0301819,
194.701,39.3081,1.13967,-1.62278e-06,0.000253296,0.00640655,0.0596926,,2.8775,0.127731,0.743591,0.148819,,2.13391,-0.0210876,
198.715,40.3724,1.11637,-1.62278e-06,0.000253296,0.00640655,0.0596926,,2.88232,0.154556,0.774292,0.156006,,2.10803,-0.00144958,
201.737,37.4047,1.11583,-1.62278e-06,0.000253296,0.00640655,0.0596926,,2.84943,0.142792,0.79718,0.146622,,2.05225,-0.00382996,
181.557,35.2518,1.19254,-1.62278e-06,0.000253296,0.00640655,0.0596926,,2.71594,0.0827179,0.648315,0.124634,,2.06763,-0.0419159,
147.09,28.1678,1.17821,-1.62278e-06,0.000253296,0.00640655,0.0596926,,2.48218,0.0887909,0.434052,0.0818939,,2.04813,0.00689697,
33.4201,85.0766,0.670165,-1.62278e-06,0.000253296,0.00640655,0.0596926,,2.2002,0.0323486,0.0394897,0.084198,,2.16071,-0.0518494,
60.5604,48.0473,0.691425,-1.62278e-06,0.000253296,0.00640655,0.0596926,,2.2402,0.070282,0.0957336,0.0708618,,2.14447,-0.000579834,
58.5188,42.0452,0.701421,-1.62278e-06,0.000253296,0.00640655,0.0596926,,2.23007,0.0507202,0.09021,0.0602264,,2.13986,-0.00950623,
31.43,91.0721,0.676697,-1.62278e-06,0.000253296,0.00640655,0.0596926,,2.2088,0.0327759,0.0362549,0.0864868,,2.17255,-0.0537109,
17.3784,85.0425,0.685332,-1.62278e-06,0.000253296,0.00640655,0.0596926,,2.15747,0.00875854,0.0183716,0.0584717,,2.1391,-0.0497131,
186.64,31.2623,1.18543,-1.62278e-06,0.000253296,0.00640655,0.0596926,,2.83209,0.0886078,0.683899,0.11348,,2.14819,-0.0248718,
139.08,29.1478,1.17034,-1.62278e-06,0.000253296,0.00640655,0.0596926,,2.48184,0.0720673,0.390564,0.0805054,,2.09128,-0.00843811,
171.501,39.2136,1.21649,-1.62278e-06,0.000253296,0.00640655,0.0596926,,2.65857,0.0875854,0.580505,0.131271,,2.07806,-0.0436859,
171.489,29.2085,1.21324,-1.62278e-06,0.000253296,0.00640655,0.0596926,,2.64929,0.0953064,0.580505,0.0977783,,2.06879,-0.00247192,
200.753,33.412,1.12589,-1.62278e-06,0.000253296,0.00640655,0.0596926,,2.86005,0.147842,0.789246,0.130295,,2.0708,0.0175476,
192.7,31.298,1.14348,-1.62278e-06,0.000253296,0.00640655,0.0596926,,2.86157,0.109253,0.728821,0.117325,,2.13275,-0.0080719,
182.56,35.2486,1.18943,-1.62278e-06,0.000253296,0.00640655,0.0596926,,2.72363,0.0762482,0.655334,0.12529,,2.0683,-0.0490417,
133.047,29.1415,1.15376,-1.62278e-06,0.000253296,0.00640655,0.0596926,,2.51877,0.0483093,0.359619,0.0773621,,2.15915,-0.0290527,
202.734,37.4088,1.11579,-1.62278e-06,0.000253296,0.00640655,0.0596926,,2.84265,0.14711,0.804749,0.147308,,2.0379,-0.000198364,
192.667,39.2881,1.14864,-1.62278e-06,0.000253296,0.00640655,0.0596926,,2.87769,0.118408,0.728394,0.147217,,2.14929,-0.0288086,
60.6171,60.0197,0.699984,-1.62278e-06,0.000253296,0.00640655,0.0596926,,2.26764,0.0535278,0.0956116,0.0883179,,2.17203,-0.03479,
-69,-118,1.56624,-1.62278e-06,0.000253296,0.00640655,0.0596926,,2.33295,0.0957794,0.0823975,0.129951,,2.25055,-0.0341721,
-282,-174,0.78492,-1.62278e-06,0.000253296,0.00640655,0.0596926,,4.19605,0.704432,1.37105,0.84201,,2.825,-0.137578,
-282,-168,0.793463,-1.62278e-06,0.000253296,0.00640655,0.0596926,,4.19662,0.704163,1.37203,0.81356,,2.8246,-0.109398,
-243,-44,1.22107,-1.62278e-06,0.000253296,0.00640655,0.0596926,,3.43675,0.15593,1.03686,0.186584,,2.39989,-0.0306549,
-195,-11,1.41056,-1.62278e-06,0.000253296,0.00640655,0.0596926,,2.94682,-0.0876617,0.667419,0.0372925,,2.2794,-0.124954,
-199,-12,1.39764,-1.62278e-06,0.000253296,0.00640655,0.0596926,,2.96167,-0.100693,0.695221,0.0415344,,2.26645,-0.142227,
-50,-88,1.60405,-1.62278e-06,0.000253296,0.00640655,0.0596926,,2.25909,-0.0141144,0.044281,0.0666428,,2.21481,-0.0807571,
-266,-20,1.15752,-1.62278e-06,0.000253296,0.00640655,0.0596926,,3.68492,-0.0645752,1.24335,0.0930023,,2.44157,-0.157578,
-249,-20,1.18806,-1.62278e-06,0.000253296,0.00640655,0.0596926,,3.37365,-0.0339508,1.08821,0.0868988,,2.28544,-0.12085,
-199,-20,1.40259,-1.62278e-06,0.000253296,0.00640655,0.0596926,,2.97845,-0.084137,0.695343,0.0692444,,2.28311,-0.153381,
-195,-20,1.41129,-1.62278e-06,0.000253296,0.00640655,0.0596926,,2.96829,-0.0839081,0.667435,0.0677948,,2.30086,-0.151703,
-62,-13,0.718685,-1.62278e-06,0.000253296,0.00640655,0.0596926,,2.38141,-0.323654,0.0549316,0.0101776,,2.32648,-0.333832,
-59,-13,0.717651,-1.62278e-06,0.000253296,0.00640655,0.0596926,,2.37283,-0.320328,0.0493164,0.00944519,,2.32352,-0.329773,
-283,-175,0.783117,-1.62278e-06,0.000253296,0.00640655,0.0596926,,4.1965,0.707977,1.38086,0.849923,,2.81564,-0.141946,
-250,-21,1.18319,-1.62278e-06,0.000253296,0.00640655,0.0596926,,3.40087,-0.0396271,1.09692,0.0915985,,2.30396,-0.131226,
-250,-30,1.18342,-1.62278e-06,0.000253296,0.00640655,0.0596926,,3.4111,-0.0410309,1.09692,0.130859,,2.31418,-0.17189,
-246,-45,1.2065,-1.62278e-06,0.000253296,0.00640655,0.0596926,,3.44251,0.140854,1.06247,0.193176,,2.38004,-0.0523224,
-48,-120,1.53069,-1.62278e-06,0.000253296,0.00640655,0.0596926,,2.20676,0.0450439,0.0406494,0.0855789,,2.16611,-0.040535,
-50,-88,1.60405,-1.62278e-06,0.000253296,0.00640655,0.0596926,,2.25909,-0.0141144,0.044281,0.0666428,,2.21481,-0.0807571,
-280,-170,0.786523,-1.62278e-06,0.000253296,0.00640655,0.0596926,,4.22844,0.699537,1.3513,0.816544,,2.87714,-0.117006,
-195,-12,1.41061,-1.62278e-06,0.000253296,0.00640655,0.0596926,,2.95271,-0.102142,0.667419,0.0406799,,2.28529,-0.142822,
-104,-116,1.35401,-1.62278e-06,0.000253296,0.00640655,0.0596926,,2.39864,0.141586,0.184937,0.199127,,2.2137,-0.0575409,
-282,-174,0.78492,-1.62278e-06,0.000253296,0.00640655,0.0596926,,4.19605,0.704432,1.37105,0.84201,,2.825,-0.137578,
-279,-171,0.781549,-1.62278e-06,0.000253296,0.00640655,0.0596926,,4.21087,0.698429,1.34082,0.817865,,2.87005,-0.119436,
-268,-31,1.14534,-1.62278e-06,0.000253296,0.00640655,0.0596926,,3.7468,-0.0615997,1.26183,0.145218,,2.48497,-0.206818,
-246,-45,1.2065,-1.62278e-06,0.000253296,0.00640655,0.0596926,,3.44251,0.140854,1.06247,0.193176,,2.38004,-0.0523224,
-104,-115,1.37093,-1.62278e-06,0.000253296,0.00640655,0.0596926,,2.40012,0.141388,0.185165,0.19767,,2.21495,-0.056282,
-199,-40,1.39727,-1.62278e-06,0.000253296,0.00640655,0.0596926,,2.96295,-0.0312195,0.695206,0.138458,,2.26775,-0.169678,
-104,-114,1.37697,-1.62278e-06,0.000253296,0.00640655,0.0596926,,2.39735,0.141838,0.185257,0.196045,,2.2121,-0.0542068,
-247,-44,1.20803,-1.62278e-06,0.000253296,0.00640655,0.0596926,,3.43996,0.144836,1.07135,0.189713,,2.36861,-0.0448761,
-282,-175,0.781721,-1.62278e-06,0.000253296,0.00640655,0.0596926,,4.19629,0.704366,1.37067,0.846619,,2.82561,-0.142253,
267,-84,1.45798,-1.62278e-06,0.000253296,0.00640655,0.0596926,,3.66272,-0.363167,1.35773,-0.425125,,2.30499,0.0619583,
301,-66,1.39233,-1.62278e-06,0.000253296,0.00640655,0.0596926,,3.98315,-0.349281,1.71954,-0.375641,,2.26361,0.0263596,
298,-66,1.39417,-1.62278e-06,0.000253296,0.00640655,0.0596926,,3.95038,-0.350708,1.68604,-0.372002,,2.26434,0.0212936,
271,-84,1.44786,-1.62278e-06,0.000253296,0.00640655,0.0596926,,3.65979,-0.363487,1.39813,-0.431374,,2.26166,0.0678864,
267,-82,1.47889,-1.62278e-06,0.000253296,0.00640655,0.0596926,,3.66022,-0.347549,1.35706,-0.414803,,2.30316,0.0672531,
34,-64,0.676703,-1.62278e-06,0.000253296,0.00640655,0.0596926,,2.31012,-0.0755386,0.0402832,-0.0637894,,2.26984,-0.0117493,
309,-162,1.39842,-1.62278e-06,0.000253296,0.00640655,0.0596926,,4.07617,-1.20606,1.81012,-0.945625,,2.26605,-0.260439,
301,-71,1.39376,-1.62278e-06,0.000253296,0.00640655,0.0596926,,3.96167,-0.354195,1.71948,-0.404083,,2.24219,0.0498886,
274,-91,1.44527,-1.62278e-06,0.000253296,0.00640655,0.0596926,,3.66321,-0.366783,1.42865,-0.472351,,2.23456,0.105568,
271,-85,1.44547,-1.62278e-06,0.000253296,0.00640655,0.0596926,,3.66113,-0.360634,1.39819,-0.436539,,2.26294,0.0759048,
301,-67,1.39238,-1.62278e-06,0.000253296,0.00640655,0.0596926,,3.98132,-0.350578,1.71954,-0.381332,,2.26178,0.0307541,
33,-65,0.672753,-1.62278e-06,0.000253296,0.00640655,0.0596926,,2.31076,-0.0732269,0.0387573,-0.063736,,2.272,-0.00949097,
312,-166,1.38244,-1.62278e-06,0.000253296,0.00640655,0.0596926,,4.04272,-1.18175,1.8454,-0.978437,,2.19733,-0.203314,
308,-162,1.40802,-1.62278e-06,0.000253296,0.00640655,0.0596926,,4.08063,-1.2059,1.79822,-0.942461,,2.28241,-0.263435,
301,-62,1.39419,-1.62278e-06,0.000253296,0.00640655,0.0596926,,4.00397,-0.349403,1.71948,-0.352859,,2.28448,0.00345612,
300,-67,1.39264,-1.62278e-06,0.000253296,0.00640655,0.0596926,,3.96008,-0.351868,1.70837,-0.380104,,2.25171,0.0282364,
81,-137,1.01659,-1.62278e-06,0.000253296,0.00640655,0.0596926,,2.43445,-0.310013,0.146698,-0.237259,,2.28775,-0.0727539,
312,-165,1.3747,-1.62278e-06,0.000253296,0.00640655,0.0596926,,4.04565,-1.18294,1.8457,-0.972713,,2.19995,-0.210224,
-198,16,1.3869,-1.62278e-06,0.000253296,0.00640655,0.0596926,,2.95123,-0.164032,0.687851,-0.055069,,2.26338,-0.108963,
-195,25,1.40806,-1.62278e-06,0.000253296,0.00640655,0.0596926,,2.96333,-0.219116,0.667358,-0.0847321,,2.29597,-0.134384,
-46,70,0.729978,-1.62278e-06,0.000253296,0.00640655,0.0596926,,2.24161,-0.103363,0.0291748,-0.0346375,,2.21243,-0.0687256,
-48,66,0.728856,-1.62278e-06,0.000253296,0.00640655,0.0596926,,2.24051,-0.100662,0.0318909,-0.0350494,,2.20862,-0.0656128,
-48,71,0.730177,-1.62278e-06,0.000253296,0.00640655,0.0596926,,2.24152,-0.104279,0.0319214,-0.0377502,,2.20959,-0.0665283,
-219,34,1.28804,-1.62278e-06,0.000253296,0.00640655,0.0596926,,3.18864,-0.217865,0.84124,-0.129608,,2.3474,-0.0882568,
-297,42,1.08391,-1.62278e-06,0.000253296,0.00640655,0.0596926,,3.74807,-0.381454,1.55162,-0.218521,,2.19645,-0.162933,
-266,36,1.13531,-1.62278e-06,0.000253296,0.00640655,0.0596926,,3.5656,-0.263458,1.24221,-0.167252,,2.32339,-0.0962067,
-45,141,0.667337,-1.62278e-06,0.000253296,0.00640655,0.0596926,,2.22763,-0.0614319,0.0263977,-0.0626221,,2.20123,0.00119019,
-113,35,1.36049,-1.62278e-06,0.000253296,0.00640655,0.0596926,,2.53381,-0.111145,0.219101,-0.0658722,,2.31471,-0.0452728,
-25,29,0.719069,-1.62278e-06,0.000253296,0.00640655,0.0596926,,2.18915,-0.0696869,0.0090332,-0.00305176,,2.18011,-0.0666351,
-262,43,1.14607,-1.62278e-06,0.000253296,0.00640655,0.0596926,,3.65819,-0.285538,1.20499,-0.196716,,2.45319,-0.0888214,
-202,31,1.37995,-1.62278e-06,0.000253296,0.00640655,0.0596926,,2.97922,-0.239975,0.716217,-0.108932,,2.263,-0.131042,
-212,33,1.31757,-1.62278e-06,0.000253296,0.00640655,0.0596926,,3.11256,-0.223419,0.788322,-0.121719,,2.32424,-0.1017,
-180,169,0.80215,-1.62278e-06,0.000253296,0.00640655,0.0596926,,2.623,-0.525757,0.542633,-0.503448,,2.08037,-0.0223083,
-210,33,1.32626,-1.62278e-06,0.000253296,0.00640655,0.0596926,,3.0618,-0.223343,0.773529,-0.120544,,2.28827,-0.102798,
-257,40,1.15873,-1.62278e-06,0.000253296,0.00640655,0.0596926,,3.54397,-0.254639,1.15922,-0.179428,,2.38475,-0.0752106,
-46,70,0.729978,-1.62278e-06,0.000253296,0.00640655,0.0596926,,2.24161,-0.103363,0.0291748,-0.0346375,,2.21243,-0.0687256,
-114,22,1.36993,-1.62278e-06,0.000253296,0.00640655,0.0596926,,2.45126,-0.0703888,0.223221,-0.0418396,,2.22804,-0.0285492,
-45,65,0.730592,-1.62278e-06,0.000253296,0.00640655,0.0596926,,2.24194,-0.102371,0.0278625,-0.0310059,,2.21408,-0.0713654,
-68,85,0.733017,-1.62278e-06,0.000253296,0.00640655,0.0596926,,2.30786,-0.140564,0.0675659,-0.076416,,2.2403,-0.0641479,
-286,73,0.866145,-1.62278e-06,0.000253296,0.00640655,0.0596926,,3.80574,-0.464355,1.42,-0.360809,,2.38574,-0.103546,
-211,32,1.31709,-1.62278e-06,0.000253296,0.00640655,0.0596926,,3.08478,-0.229324,0.780762,-0.117432,,2.30402,-0.111893,
-211,35,1.32331,-1.62278e-06,0.000253296,0.00640655,0.0596926,,3.08206,-0.223129,0.780952,-0.128479,,2.30111,-0.0946503,
-203,33,1.37057,-1.62278e-06,0.000253296,0.00640655,0.0596926,,2.97958,-0.226135,0.723206,-0.116516,,2.25638,-0.109619,
-286,46,1.09226,-1.62278e-06,0.000253296,0.00640655,0.0596926,,3.64079,-0.355957,1.43731,-0.230148,,2.20347,-0.125809,
-280,40,1.10273,-1.62278e-06,0.000253296,0.00640655,0.0596926,,3.66177,-0.292709,1.37716,-0.195816,,2.28461,-0.0968933,
-283,42,1.09907,-1.62278e-06,0.000253296,0.00640655,0.0596926,,3.6054,-0.317932,1.40717,-0.207886,,2.19823,-0.110046,
-46,65,0.730245,-1.62278e-06,0.000253296,0.00640655,0.0596926,,2.241,-0.1026,0.0291748,-0.0321808,,2.21182,-0.0704193,
-115,34,1.36169,-1.62278e-06,0.000253296,0.00640655,0.0596926,,2.52132,-0.12854,0.227097,-0.0652466,,2.29422,-0.0632935,
-219,34,1.28804,-1.62278e-06,0.000253296,0.00640655,0.0596926,,3.18864,-0.217865,0.84124,-0.129608,,2.3474,-0.0882568,
-274,35,1.11462,-1.62278e-06,0.000253296,0.00640655,0.0596926,,3.66979,-0.268082,1.31836,-0.167587,,2.35143,-0.100494,
-286,73,0.866145,-1.62278e-06,0.000253296,0.00640655,0.0596926,,3.80574,-0.464355,1.42,-0.360809,,2.38574,-0.103546,
-282,39,1.10195,-1.62278e-06,0.000253296,0.00640655,0.0596926,,3.68003,-0.300629,1.39723,-0.192352,,2.28281,-0.108276,
-115,21,1.37257,-1.62278e-06,0.000253296,0.00640655,0.0596926,,2.45111,-0.0766907,0.227264,-0.040329,,2.22385,-0.0363617,
-213,32,1.30833,-1.62278e-06,0.000253296,0.00640655,0.0596926,,3.12587,-0.218735,0.795624,-0.118561,,2.33025,-0.100174,
-66,84,0.73276,-1.62278e-06,0.000253296,0.00640655,0.0596926,,2.3053,-0.140076,0.063324,-0.0724487,,2.24197,-0.067627,
-188,19,1.46078,-1.62278e-06,0.000253296,0.00640655,0.0596926,,2.92654,-0.184158,0.620758,-0.062088,,2.30579,-0.12207,
-116,21,1.37673,-1.62278e-06,0.000253296,0.00640655,0.0596926,,2.45209,-0.0760651,0.231369,-0.0407257,,2.22072,-0.0353394,
-219,33,1.28464,-1.62278e-06,0.000253296,0.00640655,0.0596926,,3.18632,-0.219254,0.841125,-0.125778,,2.34519,-0.0934753,
-225,37,1.24293,-1.62278e-06,0.000253296,0.00640655,0.0596926,,3.24741,-0.235687,0.887215,-0.144836,,2.3602,-0.0908508,
-67,83,0.733656,-1.62278e-06,0.000253296,0.00640655,0.0596926,,2.29166,-0.14743,0.0654602,-0.0731201,,2.2262,-0.0743103,
-282,39,1.10195,-1.62278e-06,0.000253296,0.00640655,0.0596926,,3.68003,-0.300629,1.39723,-0.192352,,2.28281,-0.108276,
-294,41,1.08436,-1.62278e-06,0.000253296,0.00640655,0.0596926,,3.71825,-0.385757,1.51989,-0.21106,,2.19835,-0.174698,
-202,31,1.37995,-1.62278e-06,0.000253296,0.00640655,0.0596926,,2.97922,-0.239975,0.716217,-0.108932,,2.263,-0.131042,
243,83,0.70327,-1.62278e-06,0.000253296,0.00640655,0.0596926,,3.35437,0.415894,1.1748,0.399078,,2.17957,0.0168152,
200,36,1.11775,-1.62278e-06,0.000253296,0.00640655,0.0596926,,2.88354,0.182068,0.783936,0.139954,,2.09961,0.0421143,
24,94,0.67186,-1.62278e-06,0.000253296,0.00640655,0.0596926,,2.19238,0.0253906,0.026001,0.0767212,,2.16638,-0.0513306,
33,95,0.667197,-1.62278e-06,0.000253296,0.00640655,0.0596926,,2.23535,0.0301208,0.0388794,0.0934448,,2.19647,-0.063324,
141,31,1.16691,-1.62278e-06,0.000253296,0.00640655,0.0596926,,2.49091,0.0786591,0.400909,0.086731,,2.09,-0.0080719,
202,38,1.11242,-1.62278e-06,0.000253296,0.00640655,0.0596926,,2.86633,0.176392,0.799316,0.149155,,2.06702,0.0272369,
173,31,1.21919,-1.62278e-06,0.000253296,0.00640655,0.0596926,,2.63782,0.11116,0.590179,0.104614,,2.04764,0.00654602,
34,87,0.676874,-1.62278e-06,0.000253296,0.00640655,0.0596926,,2.21469,0.0295715,0.0402832,0.0867004,,2.17441,-0.0571289,
181,35,1.19254,-1.62278e-06,0.000253296,0.00640655,0.0596926,,2.69012,0.0993195,0.644531,0.123398,,2.04559,-0.0240784,
19,87,0.680876,-1.62278e-06,0.000253296,0.00640655,0.0596926,,2.16953,0.0162659,0.0200806,0.0626221,,2.14944,-0.0463562,
190,37,1.16029,-1.62278e-06,0.000253296,0.00640655,0.0596926,,2.83905,0.10733,0.708679,0.136765,,2.13037,-0.0294342,
17,86,0.684784,-1.62278e-06,0.000253296,0.00640655,0.0596926,,2.16714,0.00805664,0.0179749,0.0585632,,2.14917,-0.0505066,
101,39,1.13777,-1.62278e-06,0.000253296,0.00640655,0.0596926,,2.1998,0.0514832,0.215607,0.08078,,1.98419,-0.0292969,
63,48,0.690396,-1.62278e-06,0.000253296,0.00640655,0.0596926,,2.25592,0.0585632,0.102173,0.0729675,,2.15375,-0.0144043,
104,46,1.12317,-1.62278e-06,0.000253296,0.00640655,0.0596926,,2.18231,0.0384827,0.227844,0.0979462,,1.95447,-0.0594635,
206,42,1.09101,-1.62278e-06,0.000253296,0.00640655,0.0596926,,2.82916,0.146286,0.830994,0.168121,,1.99817,-0.0218353,
68,43,0.699369,-1.62278e-06,0.000253296,0.00640655,0.0596926,,2.27359,0.0652466,0.115662,0.0690918,,2.15793,-0.00384521,
99,43,1.14096,-1.62278e-06,0.000253296,0.00640655,0.0596926,,2.19684,0.0441742,0.207794,0.0874634,,1.98904,-0.0432892,
201,42,1.10556,-1.62278e-06,0.000253296,0.00640655,0.0596926,,2.87653,0.194748,0.791992,0.164154,,2.08453,0.0305939,
173,39,1.21475,-1.62278e-06,0.000253296,0.00640655,0.0596926,,2.6416,0.102722,0.590302,0.131638,,2.0513,-0.0289154,
192,28,1.16578,-1.62278e-06,0.000253296,0.00640655,0.0596926,,2.83679,0.12114,0.7229,0.104492,,2.11389,0.0166473,
149,169,0.720115,-1.62278e-06,0.000253296,0.00640655,0.0596926,,2.63504,0.522217,0.46521,0.520355,,2.16983,0.00186157,
102,46,1.12247,-1.62278e-06,0.000253296,0.00640655,0.0596926,,2.18039,0.0313416,0.219879,0.0962677,,1.96051,-0.0649261,
145,30,1.18577,-1.62278e-06,0.000253296,0.00640655,0.0596926,,2.49228,0.0884552,0.422241,0.0860291,,2.07004,0.00242615,
67,42,0.70061,-1.62278e-06,0.000253296,0.00640655,0.0596926,,2.2673,0.0703278,0.112793,0.0666962,,2.15451,0.00363159,
190,33,1.1631,-1.62278e-06,0.000253296,0.00640655,0.0596926,,2.83899,0.10556,0.708557,0.121948,,2.13043,-0.0163879,
18,86,0.682875,-1.62278e-06,0.000253296,0.00640655,0.0596926,,2.1683,0.0141296,0.0190125,0.0602417,,2.14929,-0.0461121,
33,86,0.670919,-1.62278e-06,0.000253296,0.00640655,0.0596926,,2.21207,0.0305176,0.0387878,0.0844116,,2.17328,-0.053894,
32,91,0.676859,-1.62278e-06,0.000253296,0.00640655,0.0596926,,2.21805,0.0316467,0.0371399,0.0873718,,2.18091,-0.0557251,
20,88,0.679667,-1.62278e-06,0.000253296,0.00640655,0.0596926,,2.17084,0.014801,0.0211792,0.0650024,,2.14966,-0.0502014,
243,82,0.706092,-1.62278e-06,0.000253296,0.00640655,0.0596926,,3.35468,0.412292,1.17444,0.394135,,2.18024,0.018158,
200,41,1.10927,-1.62278e-06,0.000253296,0.00640655,0.0596926,,2.88708,0.190384,0.784241,0.159454,,2.10284,0.0309296,
60,63,0.70632,-1.62278e-06,0.000253296,0.00640655,0.0596926,,2.30826,-0.0205078,0.093811,0.0917816,,2.21445,-0.112289,
181,35,1.19254,-1.62278e-06,0.000253296,0.00640655,0.0596926,,2.69012,0.0993195,0.644531,0.123398,,2.04559,-0.0240784,
195,38,1.13477,-1.62278e-06,0.000253296,0.00640655,0.0596926,,2.87183,0.144791,0.745972,0.144119,,2.12585,0.000671387,
190,37,1.16029,-1.62278e-06,0.000253296,0.00640655,0.0596926,,2.83905,0.10733,0.708679,0.136765,,2.13037,-0.0294342,
192,28,1.16578,-1.62278e-06,0.000253296,0.00640655,0.0596926,,2.83679,0.12114,0.7229,0.104492,,2.11389,0.0166473,
198,32,1.14842,-1.62278e-06,0.000253296,0.00640655,0.0596926,,2.87109,0.167694,0.7677,0.123032,,2.10339,0.0446625,
247,166,0.680727,-1.62278e-06,0.000253296,0.00640655,0.0596926,,3.40051,0.844086,1.21503,0.812286,,2.18549,0.0317993,
59,64,0.706817,-1.62278e-06,0.000253296,0.00640655,0.0596926,,2.30008,-0.00712585,0.0912781,0.0920563,,2.2088,-0.0991821,
200,32,1.13452,-1.62278e-06,0.000253296,0.00640655,0.0596926,,2.87622,0.182251,0.783264,0.124298,,2.09296,0.0579529,
12,90,0.685279,-1.62278e-06,0.000253296,0.00640655,0.0596926,,2.16013,-0.018158,0.0134888,0.0530396,,2.14664,-0.0711975,
135,31,1.15219,-1.62278e-06,0.000253296,0.00640655,0.0596926,,2.49237,0.0628357,0.36969,0.0834198,,2.12268,-0.0205841,
171,31,1.21738,-1.62278e-06,0.000253296,0.00640655,0.0596926,,2.63715,0.106796,0.57724,0.103485,,2.05991,0.00331116,
187,32,1.18388,-1.62278e-06,0.000253296,0.00640655,0.0596926,,2.82922,0.106125,0.686523,0.116379,,2.1427,-0.0102539,
200,40,1.11178,-1.62278e-06,0.000253296,0.00640655,0.0596926,,2.87207,0.185944,0.78418,0.155548,,2.08789,0.0303955,
173,39,1.21475,-1.62278e-06,0.000253296,0.00640655,0.0596926,,2.6416,0.102722,0.590302,0.131638,,2.0513,-0.0289154,
67,40,0.699164,-1.62278e-06,0.000253296,0.00640655,0.0596926,,2.26453,0.0699005,0.112854,0.0635529,,2.15167,0.00634766,
32,85,0.669608,-1.62278e-06,0.000253296,0.00640655,0.0596926,,2.20813,0.0306702,0.037262,0.0819397,,2.17087,-0.0512695,
60,43,0.698165,-1.62278e-06,0.000253296,0.00640655,0.0596926,,2.24368,0.0493164,0.0940857,0.0628204,,2.1496,-0.013504,
50,81,0.723794,-1.62278e-06,0.000253296,0.00640655,0.0596926,,2.28552,0.0820923,0.0696716,0.102478,,2.21585,-0.0203857,
171,31,1.21738,-1.62278e-06,0.000253296,0.00640655,0.0596926,,2.63715,0.106796,0.57724,0.103485,,2.05991,0.00331116,
185,31,1.18604,-1.62278e-06,0.000253296,0.00640655,0.0596926,,2.75836,0.0891418,0.672363,0.111603,,2.086,-0.0224609,
171,35,1.21712,-1.62278e-06,0.000253296,0.00640655,0.0596926,,2.64462,0.106934,0.57724,0.116837,,2.06738,-0.00990295,
19,85,0.680072,-1.62278e-06,0.000253296,0.00640655,0.0596926,,2.16785,0.0134583,0.0200806,0.0612183,,2.14777,-0.04776,
171,39,1.21649,-1.62278e-06,0.000253296,0.00640655,0.0596926,,2.64496,0.104843,0.57724,0.130188,,2.06772,-0.0253448,
60,62,0.704419,-1.62278e-06,0.000253296,0.00640655,0.0596926,,2.3071,-0.0266266,0.0938721,0.0903931,,2.21323,-0.11702,
60,48,0.691425,-1.62278e-06,0.000253296,0.00640655,0.0596926,,2.24472,0.0490417,0.0942993,0.0702972,,2.15042,-0.0212555,
68,41,0.701025,-1.62278e-06,0.000253296,0.00640655,0.0596926,,2.27118,0.0634766,0.115631,0.0658417,,2.15555,-0.00236511,
101,41,1.13247,-1.62278e-06,0.000253296,0.00640655,0.0596926,,2.19632,0.0519409,0.215729,0.0849762,,1.98059,-0.0330353,
